Object Index,Accuracy,NameofFiles_preds,NameofFiles_GTs
0,0.9406,./output/seg/success/pred_0_0.gif,./output/seg/success/gt_0_0.gif
1,0.98279995,./output/seg/success/pred_0_1.gif,./output/seg/success/gt_0_1.gif
2,0.90959996,./output/seg/success/pred_0_2.gif,./output/seg/success/gt_0_2.gif
3,0.8329,./output/seg/success/pred_0_3.gif,./output/seg/success/gt_0_3.gif
4,0.7065,./output/seg/success/pred_0_4.gif,./output/seg/success/gt_0_4.gif
5,0.9568,./output/seg/success/pred_0_5.gif,./output/seg/success/gt_0_5.gif
6,0.98499995,./output/seg/success/pred_0_6.gif,./output/seg/success/gt_0_6.gif
7,0.9575,./output/seg/success/pred_0_7.gif,./output/seg/success/gt_0_7.gif
8,0.9866,./output/seg/success/pred_0_8.gif,./output/seg/success/gt_0_8.gif
9,0.6842,./output/seg/success/pred_0_9.gif,./output/seg/success/gt_0_9.gif
10,0.796,./output/seg/success/pred_0_10.gif,./output/seg/success/gt_0_10.gif
11,0.912,./output/seg/success/pred_0_11.gif,./output/seg/success/gt_0_11.gif
12,0.90239996,./output/seg/success/pred_0_12.gif,./output/seg/success/gt_0_12.gif
13,0.85069996,./output/seg/success/pred_0_13.gif,./output/seg/success/gt_0_13.gif
14,0.9011,./output/seg/success/pred_0_14.gif,./output/seg/success/gt_0_14.gif
15,0.9109,./output/seg/success/pred_0_15.gif,./output/seg/success/gt_0_15.gif
16,0.90959996,./output/seg/success/pred_0_16.gif,./output/seg/success/gt_0_16.gif
17,0.95199996,./output/seg/success/pred_0_17.gif,./output/seg/success/gt_0_17.gif
18,0.97029996,./output/seg/success/pred_0_18.gif,./output/seg/success/gt_0_18.gif
19,0.93979996,./output/seg/success/pred_0_19.gif,./output/seg/success/gt_0_19.gif
20,0.9834,./output/seg/success/pred_0_20.gif,./output/seg/success/gt_0_20.gif
21,0.9647,./output/seg/success/pred_0_21.gif,./output/seg/success/gt_0_21.gif
22,0.7989,./output/seg/success/pred_0_22.gif,./output/seg/success/gt_0_22.gif
23,0.9727,./output/seg/success/pred_0_23.gif,./output/seg/success/gt_0_23.gif
24,0.8185,./output/seg/success/pred_0_24.gif,./output/seg/success/gt_0_24.gif
25,0.949,./output/seg/success/pred_0_25.gif,./output/seg/success/gt_0_25.gif
26,0.522,./output/seg/success/pred_0_26.gif,./output/seg/success/gt_0_26.gif
27,0.97789997,./output/seg/success/pred_0_27.gif,./output/seg/success/gt_0_27.gif
28,0.9856,./output/seg/success/pred_0_28.gif,./output/seg/success/gt_0_28.gif
29,0.7888,./output/seg/success/pred_0_29.gif,./output/seg/success/gt_0_29.gif
30,0.9654,./output/seg/success/pred_0_30.gif,./output/seg/success/gt_0_30.gif
31,0.8975,./output/seg/success/pred_0_31.gif,./output/seg/success/gt_0_31.gif
32,0.8244,./output/seg/success/pred_1_0.gif,./output/seg/success/gt_1_0.gif
33,0.91899997,./output/seg/success/pred_1_1.gif,./output/seg/success/gt_1_1.gif
34,0.96169996,./output/seg/success/pred_1_2.gif,./output/seg/success/gt_1_2.gif
35,0.9332,./output/seg/success/pred_1_3.gif,./output/seg/success/gt_1_3.gif
36,0.89059997,./output/seg/success/pred_1_4.gif,./output/seg/success/gt_1_4.gif
37,0.96919996,./output/seg/success/pred_1_5.gif,./output/seg/success/gt_1_5.gif
38,0.9357,./output/seg/success/pred_1_6.gif,./output/seg/success/gt_1_6.gif
39,0.9783,./output/seg/success/pred_1_7.gif,./output/seg/success/gt_1_7.gif
40,0.9579,./output/seg/success/pred_1_8.gif,./output/seg/success/gt_1_8.gif
41,0.811,./output/seg/success/pred_1_9.gif,./output/seg/success/gt_1_9.gif
42,0.9855,./output/seg/success/pred_1_10.gif,./output/seg/success/gt_1_10.gif
43,0.8328,./output/seg/success/pred_1_11.gif,./output/seg/success/gt_1_11.gif
44,0.965,./output/seg/success/pred_1_12.gif,./output/seg/success/gt_1_12.gif
45,0.90779996,./output/seg/success/pred_1_13.gif,./output/seg/success/gt_1_13.gif
46,0.9756,./output/seg/success/pred_1_14.gif,./output/seg/success/gt_1_14.gif
47,0.95879996,./output/seg/success/pred_1_15.gif,./output/seg/success/gt_1_15.gif
48,0.991,./output/seg/success/pred_1_16.gif,./output/seg/success/gt_1_16.gif
49,0.9037,./output/seg/success/pred_1_17.gif,./output/seg/success/gt_1_17.gif
50,0.9152,./output/seg/success/pred_1_18.gif,./output/seg/success/gt_1_18.gif
51,0.7855,./output/seg/success/pred_1_19.gif,./output/seg/success/gt_1_19.gif
52,0.9138,./output/seg/success/pred_1_20.gif,./output/seg/success/gt_1_20.gif
53,0.9228,./output/seg/success/pred_1_21.gif,./output/seg/success/gt_1_21.gif
54,0.82379997,./output/seg/success/pred_1_22.gif,./output/seg/success/gt_1_22.gif
55,0.9219,./output/seg/success/pred_1_23.gif,./output/seg/success/gt_1_23.gif
56,0.96419996,./output/seg/success/pred_1_24.gif,./output/seg/success/gt_1_24.gif
57,0.9874,./output/seg/success/pred_1_25.gif,./output/seg/success/gt_1_25.gif
58,0.8649,./output/seg/success/pred_1_26.gif,./output/seg/success/gt_1_26.gif
59,0.89599997,./output/seg/success/pred_1_27.gif,./output/seg/success/gt_1_27.gif
60,0.79029995,./output/seg/success/pred_1_28.gif,./output/seg/success/gt_1_28.gif
61,0.6035,./output/seg/success/pred_1_29.gif,./output/seg/success/gt_1_29.gif
62,0.9711,./output/seg/success/pred_1_30.gif,./output/seg/success/gt_1_30.gif
63,0.9855,./output/seg/success/pred_1_31.gif,./output/seg/success/gt_1_31.gif
64,0.9115,./output/seg/success/pred_2_0.gif,./output/seg/success/gt_2_0.gif
65,0.9672,./output/seg/success/pred_2_1.gif,./output/seg/success/gt_2_1.gif
66,0.95119995,./output/seg/success/pred_2_2.gif,./output/seg/success/gt_2_2.gif
67,0.9381,./output/seg/success/pred_2_3.gif,./output/seg/success/gt_2_3.gif
68,0.73719996,./output/seg/success/pred_2_4.gif,./output/seg/success/gt_2_4.gif
69,0.926,./output/seg/success/pred_2_5.gif,./output/seg/success/gt_2_5.gif
70,0.9763,./output/seg/success/pred_2_6.gif,./output/seg/success/gt_2_6.gif
71,0.8652,./output/seg/success/pred_2_7.gif,./output/seg/success/gt_2_7.gif
72,0.8796,./output/seg/success/pred_2_8.gif,./output/seg/success/gt_2_8.gif
73,0.93509996,./output/seg/success/pred_2_9.gif,./output/seg/success/gt_2_9.gif
74,0.8944,./output/seg/success/pred_2_10.gif,./output/seg/success/gt_2_10.gif
75,0.8544,./output/seg/success/pred_2_11.gif,./output/seg/success/gt_2_11.gif
76,0.94259995,./output/seg/success/pred_2_12.gif,./output/seg/success/gt_2_12.gif
77,0.9213,./output/seg/success/pred_2_13.gif,./output/seg/success/gt_2_13.gif
78,0.84599996,./output/seg/success/pred_2_14.gif,./output/seg/success/gt_2_14.gif
79,0.87649995,./output/seg/success/pred_2_15.gif,./output/seg/success/gt_2_15.gif
80,0.85069996,./output/seg/success/pred_2_16.gif,./output/seg/success/gt_2_16.gif
81,0.9184,./output/seg/success/pred_2_17.gif,./output/seg/success/gt_2_17.gif
82,0.8864,./output/seg/success/pred_2_18.gif,./output/seg/success/gt_2_18.gif
83,0.9709,./output/seg/success/pred_2_19.gif,./output/seg/success/gt_2_19.gif
84,0.89669997,./output/seg/success/pred_2_20.gif,./output/seg/success/gt_2_20.gif
85,0.7184,./output/seg/success/pred_2_21.gif,./output/seg/success/gt_2_21.gif
86,0.9704,./output/seg/success/pred_2_22.gif,./output/seg/success/gt_2_22.gif
87,0.9551,./output/seg/success/pred_2_23.gif,./output/seg/success/gt_2_23.gif
88,0.86969995,./output/seg/success/pred_2_24.gif,./output/seg/success/gt_2_24.gif
89,0.9701,./output/seg/success/pred_2_25.gif,./output/seg/success/gt_2_25.gif
90,0.69159997,./output/seg/success/pred_2_26.gif,./output/seg/success/gt_2_26.gif
91,0.9695,./output/seg/success/pred_2_27.gif,./output/seg/success/gt_2_27.gif
92,0.95489997,./output/seg/success/pred_2_28.gif,./output/seg/success/gt_2_28.gif
93,0.88629997,./output/seg/success/pred_2_29.gif,./output/seg/success/gt_2_29.gif
94,0.9694,./output/seg/success/pred_2_30.gif,./output/seg/success/gt_2_30.gif
95,0.737,./output/seg/success/pred_2_31.gif,./output/seg/success/gt_2_31.gif
96,0.56009996,./output/seg/success/pred_3_0.gif,./output/seg/success/gt_3_0.gif
97,0.6222,./output/seg/success/pred_3_1.gif,./output/seg/success/gt_3_1.gif
98,0.96519995,./output/seg/success/pred_3_2.gif,./output/seg/success/gt_3_2.gif
99,0.9598,./output/seg/success/pred_3_3.gif,./output/seg/success/gt_3_3.gif
100,0.9697,./output/seg/success/pred_3_4.gif,./output/seg/success/gt_3_4.gif
101,0.94879997,./output/seg/success/pred_3_5.gif,./output/seg/success/gt_3_5.gif
102,0.98499995,./output/seg/success/pred_3_6.gif,./output/seg/success/gt_3_6.gif
103,0.89379996,./output/seg/success/pred_3_7.gif,./output/seg/success/gt_3_7.gif
104,0.77349997,./output/seg/success/pred_3_8.gif,./output/seg/success/gt_3_8.gif
105,0.7406,./output/seg/success/pred_3_9.gif,./output/seg/success/gt_3_9.gif
106,0.93899995,./output/seg/success/pred_3_10.gif,./output/seg/success/gt_3_10.gif
107,0.94079995,./output/seg/success/pred_3_11.gif,./output/seg/success/gt_3_11.gif
108,0.9522,./output/seg/success/pred_3_12.gif,./output/seg/success/gt_3_12.gif
109,0.85679996,./output/seg/success/pred_3_13.gif,./output/seg/success/gt_3_13.gif
110,0.92389995,./output/seg/success/pred_3_14.gif,./output/seg/success/gt_3_14.gif
111,0.9733,./output/seg/success/pred_3_15.gif,./output/seg/success/gt_3_15.gif
112,0.93579996,./output/seg/success/pred_3_16.gif,./output/seg/success/gt_3_16.gif
113,0.98999995,./output/seg/success/pred_3_17.gif,./output/seg/success/gt_3_17.gif
114,0.78749996,./output/seg/success/pred_3_18.gif,./output/seg/success/gt_3_18.gif
115,0.9741,./output/seg/success/pred_3_19.gif,./output/seg/success/gt_3_19.gif
116,0.7107,./output/seg/success/pred_3_20.gif,./output/seg/success/gt_3_20.gif
117,0.968,./output/seg/success/pred_3_21.gif,./output/seg/success/gt_3_21.gif
118,0.95,./output/seg/success/pred_3_22.gif,./output/seg/success/gt_3_22.gif
119,0.8699,./output/seg/success/pred_3_23.gif,./output/seg/success/gt_3_23.gif
120,0.96709996,./output/seg/success/pred_3_24.gif,./output/seg/success/gt_3_24.gif
121,0.9111,./output/seg/success/pred_3_25.gif,./output/seg/success/gt_3_25.gif
122,0.96699995,./output/seg/success/pred_3_26.gif,./output/seg/success/gt_3_26.gif
123,0.93289995,./output/seg/success/pred_3_27.gif,./output/seg/success/gt_3_27.gif
124,0.70629996,./output/seg/success/pred_3_28.gif,./output/seg/success/gt_3_28.gif
125,0.9662,./output/seg/success/pred_3_29.gif,./output/seg/success/gt_3_29.gif
126,0.9772,./output/seg/success/pred_3_30.gif,./output/seg/success/gt_3_30.gif
127,0.9479,./output/seg/success/pred_3_31.gif,./output/seg/success/gt_3_31.gif
128,0.90959996,./output/seg/success/pred_4_0.gif,./output/seg/success/gt_4_0.gif
129,0.964,./output/seg/success/pred_4_1.gif,./output/seg/success/gt_4_1.gif
130,0.95299995,./output/seg/success/pred_4_2.gif,./output/seg/success/gt_4_2.gif
131,0.9632,./output/seg/success/pred_4_3.gif,./output/seg/success/gt_4_3.gif
132,0.76559997,./output/seg/success/pred_4_4.gif,./output/seg/success/gt_4_4.gif
133,0.9754,./output/seg/success/pred_4_5.gif,./output/seg/success/gt_4_5.gif
134,0.866,./output/seg/success/pred_4_6.gif,./output/seg/success/gt_4_6.gif
135,0.84,./output/seg/success/pred_4_7.gif,./output/seg/success/gt_4_7.gif
136,0.9108,./output/seg/success/pred_4_8.gif,./output/seg/success/gt_4_8.gif
137,0.96489996,./output/seg/success/pred_4_9.gif,./output/seg/success/gt_4_9.gif
138,0.9633,./output/seg/success/pred_4_10.gif,./output/seg/success/gt_4_10.gif
139,0.8831,./output/seg/success/pred_4_11.gif,./output/seg/success/gt_4_11.gif
140,0.854,./output/seg/success/pred_4_12.gif,./output/seg/success/gt_4_12.gif
141,0.9844,./output/seg/success/pred_4_13.gif,./output/seg/success/gt_4_13.gif
142,0.573,./output/seg/success/pred_4_14.gif,./output/seg/success/gt_4_14.gif
143,0.8797,./output/seg/success/pred_4_15.gif,./output/seg/success/gt_4_15.gif
144,0.8588,./output/seg/success/pred_4_16.gif,./output/seg/success/gt_4_16.gif
145,0.95629996,./output/seg/success/pred_4_17.gif,./output/seg/success/gt_4_17.gif
146,0.9122,./output/seg/success/pred_4_18.gif,./output/seg/success/gt_4_18.gif
147,0.9353,./output/seg/success/pred_4_19.gif,./output/seg/success/gt_4_19.gif
148,0.9763,./output/seg/success/pred_4_20.gif,./output/seg/success/gt_4_20.gif
149,0.8303,./output/seg/success/pred_4_21.gif,./output/seg/success/gt_4_21.gif
150,0.9788,./output/seg/success/pred_4_22.gif,./output/seg/success/gt_4_22.gif
151,0.935,./output/seg/success/pred_4_23.gif,./output/seg/success/gt_4_23.gif
152,0.93659997,./output/seg/success/pred_4_24.gif,./output/seg/success/gt_4_24.gif
153,0.7418,./output/seg/success/pred_4_25.gif,./output/seg/success/gt_4_25.gif
154,0.9402,./output/seg/success/pred_4_26.gif,./output/seg/success/gt_4_26.gif
155,0.8991,./output/seg/success/pred_4_27.gif,./output/seg/success/gt_4_27.gif
156,0.8168,./output/seg/success/pred_4_28.gif,./output/seg/success/gt_4_28.gif
157,0.8032,./output/seg/success/pred_4_29.gif,./output/seg/success/gt_4_29.gif
158,0.9335,./output/seg/success/pred_4_30.gif,./output/seg/success/gt_4_30.gif
159,0.9813,./output/seg/success/pred_4_31.gif,./output/seg/success/gt_4_31.gif
160,0.922,./output/seg/success/pred_5_0.gif,./output/seg/success/gt_5_0.gif
161,0.9633,./output/seg/success/pred_5_1.gif,./output/seg/success/gt_5_1.gif
162,0.98209995,./output/seg/success/pred_5_2.gif,./output/seg/success/gt_5_2.gif
163,0.6328,./output/seg/success/pred_5_3.gif,./output/seg/success/gt_5_3.gif
164,0.83669996,./output/seg/success/pred_5_4.gif,./output/seg/success/gt_5_4.gif
165,0.84,./output/seg/success/pred_5_5.gif,./output/seg/success/gt_5_5.gif
166,0.97529995,./output/seg/success/pred_5_6.gif,./output/seg/success/gt_5_6.gif
167,0.96239996,./output/seg/success/pred_5_7.gif,./output/seg/success/gt_5_7.gif
168,0.7258,./output/seg/success/pred_5_8.gif,./output/seg/success/gt_5_8.gif
169,0.93399996,./output/seg/success/pred_5_9.gif,./output/seg/success/gt_5_9.gif
170,0.94879997,./output/seg/success/pred_5_10.gif,./output/seg/success/gt_5_10.gif
171,0.9245,./output/seg/success/pred_5_11.gif,./output/seg/success/gt_5_11.gif
172,0.98539996,./output/seg/success/pred_5_12.gif,./output/seg/success/gt_5_12.gif
173,0.9396,./output/seg/success/pred_5_13.gif,./output/seg/success/gt_5_13.gif
174,0.8272,./output/seg/success/pred_5_14.gif,./output/seg/success/gt_5_14.gif
175,0.8811,./output/seg/success/pred_5_15.gif,./output/seg/success/gt_5_15.gif
176,0.97429997,./output/seg/success/pred_5_16.gif,./output/seg/success/gt_5_16.gif
177,0.90749997,./output/seg/success/pred_5_17.gif,./output/seg/success/gt_5_17.gif
178,0.87329996,./output/seg/success/pred_5_18.gif,./output/seg/success/gt_5_18.gif
179,0.9819,./output/seg/success/pred_5_19.gif,./output/seg/success/gt_5_19.gif
180,0.8947,./output/seg/success/pred_5_20.gif,./output/seg/success/gt_5_20.gif
181,0.92819995,./output/seg/success/pred_5_21.gif,./output/seg/success/gt_5_21.gif
182,0.95839995,./output/seg/success/pred_5_22.gif,./output/seg/success/gt_5_22.gif
183,0.9729,./output/seg/success/pred_5_23.gif,./output/seg/success/gt_5_23.gif
184,0.9777,./output/seg/success/pred_5_24.gif,./output/seg/success/gt_5_24.gif
185,0.9709,./output/seg/success/pred_5_25.gif,./output/seg/success/gt_5_25.gif
186,0.9514,./output/seg/success/pred_5_26.gif,./output/seg/success/gt_5_26.gif
187,0.9471,./output/seg/success/pred_5_27.gif,./output/seg/success/gt_5_27.gif
188,0.9657,./output/seg/success/pred_5_28.gif,./output/seg/success/gt_5_28.gif
189,0.9758,./output/seg/success/pred_5_29.gif,./output/seg/success/gt_5_29.gif
190,0.9162,./output/seg/success/pred_5_30.gif,./output/seg/success/gt_5_30.gif
191,0.9666,./output/seg/success/pred_5_31.gif,./output/seg/success/gt_5_31.gif
192,0.9285,./output/seg/success/pred_6_0.gif,./output/seg/success/gt_6_0.gif
193,0.861,./output/seg/success/pred_6_1.gif,./output/seg/success/gt_6_1.gif
194,0.96129996,./output/seg/success/pred_6_2.gif,./output/seg/success/gt_6_2.gif
195,0.9806,./output/seg/success/pred_6_3.gif,./output/seg/success/gt_6_3.gif
196,0.9016,./output/seg/success/pred_6_4.gif,./output/seg/success/gt_6_4.gif
197,0.9467,./output/seg/success/pred_6_5.gif,./output/seg/success/gt_6_5.gif
198,0.91779995,./output/seg/success/pred_6_6.gif,./output/seg/success/gt_6_6.gif
199,0.92109996,./output/seg/success/pred_6_7.gif,./output/seg/success/gt_6_7.gif
200,0.8328,./output/seg/success/pred_6_8.gif,./output/seg/success/gt_6_8.gif
201,0.9772,./output/seg/success/pred_6_9.gif,./output/seg/success/gt_6_9.gif
202,0.8994,./output/seg/success/pred_6_10.gif,./output/seg/success/gt_6_10.gif
203,0.96029997,./output/seg/success/pred_6_11.gif,./output/seg/success/gt_6_11.gif
204,0.96819997,./output/seg/success/pred_6_12.gif,./output/seg/success/gt_6_12.gif
205,0.8897,./output/seg/success/pred_6_13.gif,./output/seg/success/gt_6_13.gif
206,0.90929997,./output/seg/success/pred_6_14.gif,./output/seg/success/gt_6_14.gif
207,0.97849995,./output/seg/success/pred_6_15.gif,./output/seg/success/gt_6_15.gif
208,0.95769995,./output/seg/success/pred_6_16.gif,./output/seg/success/gt_6_16.gif
209,0.9582,./output/seg/success/pred_6_17.gif,./output/seg/success/gt_6_17.gif
210,0.9113,./output/seg/success/pred_6_18.gif,./output/seg/success/gt_6_18.gif
211,0.78929996,./output/seg/success/pred_6_19.gif,./output/seg/success/gt_6_19.gif
212,0.9745,./output/seg/success/pred_6_20.gif,./output/seg/success/gt_6_20.gif
213,0.9033,./output/seg/success/pred_6_21.gif,./output/seg/success/gt_6_21.gif
214,0.6577,./output/seg/success/pred_6_22.gif,./output/seg/success/gt_6_22.gif
215,0.99009997,./output/seg/success/pred_6_23.gif,./output/seg/success/gt_6_23.gif
216,0.9762,./output/seg/success/pred_6_24.gif,./output/seg/success/gt_6_24.gif
217,0.8401,./output/seg/success/pred_6_25.gif,./output/seg/success/gt_6_25.gif
218,0.80719995,./output/seg/success/pred_6_26.gif,./output/seg/success/gt_6_26.gif
219,0.9693,./output/seg/success/pred_6_27.gif,./output/seg/success/gt_6_27.gif
220,0.97309995,./output/seg/success/pred_6_28.gif,./output/seg/success/gt_6_28.gif
221,0.9184,./output/seg/success/pred_6_29.gif,./output/seg/success/gt_6_29.gif
222,0.9701,./output/seg/success/pred_6_30.gif,./output/seg/success/gt_6_30.gif
223,0.89559996,./output/seg/success/pred_6_31.gif,./output/seg/success/gt_6_31.gif
224,0.9594,./output/seg/success/pred_7_0.gif,./output/seg/success/gt_7_0.gif
225,0.5484,./output/seg/success/pred_7_1.gif,./output/seg/success/gt_7_1.gif
226,0.7529,./output/seg/success/pred_7_2.gif,./output/seg/success/gt_7_2.gif
227,0.8786,./output/seg/success/pred_7_3.gif,./output/seg/success/gt_7_3.gif
228,0.8987,./output/seg/success/pred_7_4.gif,./output/seg/success/gt_7_4.gif
229,0.93789995,./output/seg/success/pred_7_5.gif,./output/seg/success/gt_7_5.gif
230,0.9781,./output/seg/success/pred_7_6.gif,./output/seg/success/gt_7_6.gif
231,0.945,./output/seg/success/pred_7_7.gif,./output/seg/success/gt_7_7.gif
232,0.7334,./output/seg/success/pred_7_8.gif,./output/seg/success/gt_7_8.gif
233,0.94939995,./output/seg/success/pred_7_9.gif,./output/seg/success/gt_7_9.gif
234,0.7718,./output/seg/success/pred_7_10.gif,./output/seg/success/gt_7_10.gif
235,0.477,./output/seg/fail/pred_7_11.gif,./output/seg/fail/gt_7_11.gif
236,0.97709996,./output/seg/success/pred_7_12.gif,./output/seg/success/gt_7_12.gif
237,0.8006,./output/seg/success/pred_7_13.gif,./output/seg/success/gt_7_13.gif
238,0.585,./output/seg/success/pred_7_14.gif,./output/seg/success/gt_7_14.gif
239,0.9701,./output/seg/success/pred_7_15.gif,./output/seg/success/gt_7_15.gif
240,0.96199995,./output/seg/success/pred_7_16.gif,./output/seg/success/gt_7_16.gif
241,0.9763,./output/seg/success/pred_7_17.gif,./output/seg/success/gt_7_17.gif
242,0.95629996,./output/seg/success/pred_7_18.gif,./output/seg/success/gt_7_18.gif
243,0.9668,./output/seg/success/pred_7_19.gif,./output/seg/success/gt_7_19.gif
244,0.9644,./output/seg/success/pred_7_20.gif,./output/seg/success/gt_7_20.gif
245,0.93579996,./output/seg/success/pred_7_21.gif,./output/seg/success/gt_7_21.gif
246,0.9827,./output/seg/success/pred_7_22.gif,./output/seg/success/gt_7_22.gif
247,0.90389997,./output/seg/success/pred_7_23.gif,./output/seg/success/gt_7_23.gif
248,0.93619996,./output/seg/success/pred_7_24.gif,./output/seg/success/gt_7_24.gif
249,0.97929996,./output/seg/success/pred_7_25.gif,./output/seg/success/gt_7_25.gif
250,0.9841,./output/seg/success/pred_7_26.gif,./output/seg/success/gt_7_26.gif
251,0.91969997,./output/seg/success/pred_7_27.gif,./output/seg/success/gt_7_27.gif
252,0.9343,./output/seg/success/pred_7_28.gif,./output/seg/success/gt_7_28.gif
253,0.98399997,./output/seg/success/pred_7_29.gif,./output/seg/success/gt_7_29.gif
254,0.8993,./output/seg/success/pred_7_30.gif,./output/seg/success/gt_7_30.gif
255,0.4996,./output/seg/fail/pred_7_31.gif,./output/seg/fail/gt_7_31.gif
256,0.8742,./output/seg/success/pred_8_0.gif,./output/seg/success/gt_8_0.gif
257,0.92329997,./output/seg/success/pred_8_1.gif,./output/seg/success/gt_8_1.gif
258,0.9795,./output/seg/success/pred_8_2.gif,./output/seg/success/gt_8_2.gif
259,0.75589997,./output/seg/success/pred_8_3.gif,./output/seg/success/gt_8_3.gif
260,0.86249995,./output/seg/success/pred_8_4.gif,./output/seg/success/gt_8_4.gif
261,0.9666,./output/seg/success/pred_8_5.gif,./output/seg/success/gt_8_5.gif
262,0.9784,./output/seg/success/pred_8_6.gif,./output/seg/success/gt_8_6.gif
263,0.97099996,./output/seg/success/pred_8_7.gif,./output/seg/success/gt_8_7.gif
264,0.9838,./output/seg/success/pred_8_8.gif,./output/seg/success/gt_8_8.gif
265,0.97349995,./output/seg/success/pred_8_9.gif,./output/seg/success/gt_8_9.gif
266,0.95919997,./output/seg/success/pred_8_10.gif,./output/seg/success/gt_8_10.gif
267,0.98829997,./output/seg/success/pred_8_11.gif,./output/seg/success/gt_8_11.gif
268,0.73069996,./output/seg/success/pred_8_12.gif,./output/seg/success/gt_8_12.gif
269,0.81759995,./output/seg/success/pred_8_13.gif,./output/seg/success/gt_8_13.gif
270,0.97489995,./output/seg/success/pred_8_14.gif,./output/seg/success/gt_8_14.gif
271,0.89659995,./output/seg/success/pred_8_15.gif,./output/seg/success/gt_8_15.gif
272,0.6322,./output/seg/success/pred_8_16.gif,./output/seg/success/gt_8_16.gif
273,0.9259,./output/seg/success/pred_8_17.gif,./output/seg/success/gt_8_17.gif
274,0.82269996,./output/seg/success/pred_8_18.gif,./output/seg/success/gt_8_18.gif
275,0.9885,./output/seg/success/pred_8_19.gif,./output/seg/success/gt_8_19.gif
276,0.9198,./output/seg/success/pred_8_20.gif,./output/seg/success/gt_8_20.gif
277,0.98859996,./output/seg/success/pred_8_21.gif,./output/seg/success/gt_8_21.gif
278,0.9812,./output/seg/success/pred_8_22.gif,./output/seg/success/gt_8_22.gif
279,0.7646,./output/seg/success/pred_8_23.gif,./output/seg/success/gt_8_23.gif
280,0.97239995,./output/seg/success/pred_8_24.gif,./output/seg/success/gt_8_24.gif
281,0.97349995,./output/seg/success/pred_8_25.gif,./output/seg/success/gt_8_25.gif
282,0.9594,./output/seg/success/pred_8_26.gif,./output/seg/success/gt_8_26.gif
283,0.8415,./output/seg/success/pred_8_27.gif,./output/seg/success/gt_8_27.gif
284,0.972,./output/seg/success/pred_8_28.gif,./output/seg/success/gt_8_28.gif
285,0.87409997,./output/seg/success/pred_8_29.gif,./output/seg/success/gt_8_29.gif
286,0.91859996,./output/seg/success/pred_8_30.gif,./output/seg/success/gt_8_30.gif
287,0.9712,./output/seg/success/pred_8_31.gif,./output/seg/success/gt_8_31.gif
288,0.9558,./output/seg/success/pred_9_0.gif,./output/seg/success/gt_9_0.gif
289,0.9295,./output/seg/success/pred_9_1.gif,./output/seg/success/gt_9_1.gif
290,0.973,./output/seg/success/pred_9_2.gif,./output/seg/success/gt_9_2.gif
291,0.92429996,./output/seg/success/pred_9_3.gif,./output/seg/success/gt_9_3.gif
292,0.8286,./output/seg/success/pred_9_4.gif,./output/seg/success/gt_9_4.gif
293,0.94449997,./output/seg/success/pred_9_5.gif,./output/seg/success/gt_9_5.gif
294,0.9662,./output/seg/success/pred_9_6.gif,./output/seg/success/gt_9_6.gif
295,0.927,./output/seg/success/pred_9_7.gif,./output/seg/success/gt_9_7.gif
296,0.9673,./output/seg/success/pred_9_8.gif,./output/seg/success/gt_9_8.gif
297,0.99719995,./output/seg/success/pred_9_9.gif,./output/seg/success/gt_9_9.gif
298,0.9817,./output/seg/success/pred_9_10.gif,./output/seg/success/gt_9_10.gif
299,0.74039996,./output/seg/success/pred_9_11.gif,./output/seg/success/gt_9_11.gif
300,0.9672,./output/seg/success/pred_9_12.gif,./output/seg/success/gt_9_12.gif
301,0.97459996,./output/seg/success/pred_9_13.gif,./output/seg/success/gt_9_13.gif
302,0.974,./output/seg/success/pred_9_14.gif,./output/seg/success/gt_9_14.gif
303,0.9501,./output/seg/success/pred_9_15.gif,./output/seg/success/gt_9_15.gif
304,0.936,./output/seg/success/pred_9_16.gif,./output/seg/success/gt_9_16.gif
305,0.8466,./output/seg/success/pred_9_17.gif,./output/seg/success/gt_9_17.gif
306,0.90639997,./output/seg/success/pred_9_18.gif,./output/seg/success/gt_9_18.gif
307,0.97969997,./output/seg/success/pred_9_19.gif,./output/seg/success/gt_9_19.gif
308,0.9618,./output/seg/success/pred_9_20.gif,./output/seg/success/gt_9_20.gif
309,0.9305,./output/seg/success/pred_9_21.gif,./output/seg/success/gt_9_21.gif
310,0.8703,./output/seg/success/pred_9_22.gif,./output/seg/success/gt_9_22.gif
311,0.7215,./output/seg/success/pred_9_23.gif,./output/seg/success/gt_9_23.gif
312,0.84529996,./output/seg/success/pred_9_24.gif,./output/seg/success/gt_9_24.gif
313,0.9819,./output/seg/success/pred_9_25.gif,./output/seg/success/gt_9_25.gif
314,0.9819,./output/seg/success/pred_9_26.gif,./output/seg/success/gt_9_26.gif
315,0.95519996,./output/seg/success/pred_9_27.gif,./output/seg/success/gt_9_27.gif
316,0.96639997,./output/seg/success/pred_9_28.gif,./output/seg/success/gt_9_28.gif
317,0.9068,./output/seg/success/pred_9_29.gif,./output/seg/success/gt_9_29.gif
318,0.96739995,./output/seg/success/pred_9_30.gif,./output/seg/success/gt_9_30.gif
319,0.95309997,./output/seg/success/pred_9_31.gif,./output/seg/success/gt_9_31.gif
320,0.95049995,./output/seg/success/pred_10_0.gif,./output/seg/success/gt_10_0.gif
321,0.90459996,./output/seg/success/pred_10_1.gif,./output/seg/success/gt_10_1.gif
322,0.6878,./output/seg/success/pred_10_2.gif,./output/seg/success/gt_10_2.gif
323,0.8341,./output/seg/success/pred_10_3.gif,./output/seg/success/gt_10_3.gif
324,0.974,./output/seg/success/pred_10_4.gif,./output/seg/success/gt_10_4.gif
325,0.9816,./output/seg/success/pred_10_5.gif,./output/seg/success/gt_10_5.gif
326,0.8997,./output/seg/success/pred_10_6.gif,./output/seg/success/gt_10_6.gif
327,0.7017,./output/seg/success/pred_10_7.gif,./output/seg/success/gt_10_7.gif
328,0.8779,./output/seg/success/pred_10_8.gif,./output/seg/success/gt_10_8.gif
329,0.9755,./output/seg/success/pred_10_9.gif,./output/seg/success/gt_10_9.gif
330,0.80079997,./output/seg/success/pred_10_10.gif,./output/seg/success/gt_10_10.gif
331,0.74219996,./output/seg/success/pred_10_11.gif,./output/seg/success/gt_10_11.gif
332,0.905,./output/seg/success/pred_10_12.gif,./output/seg/success/gt_10_12.gif
333,0.98279995,./output/seg/success/pred_10_13.gif,./output/seg/success/gt_10_13.gif
334,0.95519996,./output/seg/success/pred_10_14.gif,./output/seg/success/gt_10_14.gif
335,0.8156,./output/seg/success/pred_10_15.gif,./output/seg/success/gt_10_15.gif
336,0.9199,./output/seg/success/pred_10_16.gif,./output/seg/success/gt_10_16.gif
337,0.9472,./output/seg/success/pred_10_17.gif,./output/seg/success/gt_10_17.gif
338,0.9723,./output/seg/success/pred_10_18.gif,./output/seg/success/gt_10_18.gif
339,0.95519996,./output/seg/success/pred_10_19.gif,./output/seg/success/gt_10_19.gif
340,0.98859996,./output/seg/success/pred_10_20.gif,./output/seg/success/gt_10_20.gif
341,0.95159996,./output/seg/success/pred_10_21.gif,./output/seg/success/gt_10_21.gif
342,0.9248,./output/seg/success/pred_10_22.gif,./output/seg/success/gt_10_22.gif
343,0.7773,./output/seg/success/pred_10_23.gif,./output/seg/success/gt_10_23.gif
344,0.8674,./output/seg/success/pred_10_24.gif,./output/seg/success/gt_10_24.gif
345,0.9756,./output/seg/success/pred_10_25.gif,./output/seg/success/gt_10_25.gif
346,0.93399996,./output/seg/success/pred_10_26.gif,./output/seg/success/gt_10_26.gif
347,0.93619996,./output/seg/success/pred_10_27.gif,./output/seg/success/gt_10_27.gif
348,0.8443,./output/seg/success/pred_10_28.gif,./output/seg/success/gt_10_28.gif
349,0.95309997,./output/seg/success/pred_10_29.gif,./output/seg/success/gt_10_29.gif
350,0.9553,./output/seg/success/pred_10_30.gif,./output/seg/success/gt_10_30.gif
351,0.4709,./output/seg/fail/pred_10_31.gif,./output/seg/fail/gt_10_31.gif
352,0.94949996,./output/seg/success/pred_11_0.gif,./output/seg/success/gt_11_0.gif
353,0.9802,./output/seg/success/pred_11_1.gif,./output/seg/success/gt_11_1.gif
354,0.84559995,./output/seg/success/pred_11_2.gif,./output/seg/success/gt_11_2.gif
355,0.899,./output/seg/success/pred_11_3.gif,./output/seg/success/gt_11_3.gif
356,0.8851,./output/seg/success/pred_11_4.gif,./output/seg/success/gt_11_4.gif
357,0.9558,./output/seg/success/pred_11_5.gif,./output/seg/success/gt_11_5.gif
358,0.78169996,./output/seg/success/pred_11_6.gif,./output/seg/success/gt_11_6.gif
359,0.9719,./output/seg/success/pred_11_7.gif,./output/seg/success/gt_11_7.gif
360,0.955,./output/seg/success/pred_11_8.gif,./output/seg/success/gt_11_8.gif
361,0.83309996,./output/seg/success/pred_11_9.gif,./output/seg/success/gt_11_9.gif
362,0.9544,./output/seg/success/pred_11_10.gif,./output/seg/success/gt_11_10.gif
363,0.9655,./output/seg/success/pred_11_11.gif,./output/seg/success/gt_11_11.gif
364,0.8839,./output/seg/success/pred_11_12.gif,./output/seg/success/gt_11_12.gif
365,0.8555,./output/seg/success/pred_11_13.gif,./output/seg/success/gt_11_13.gif
366,0.8703,./output/seg/success/pred_11_14.gif,./output/seg/success/gt_11_14.gif
367,0.963,./output/seg/success/pred_11_15.gif,./output/seg/success/gt_11_15.gif
368,0.9708,./output/seg/success/pred_11_16.gif,./output/seg/success/gt_11_16.gif
369,0.9266,./output/seg/success/pred_11_17.gif,./output/seg/success/gt_11_17.gif
370,0.92999995,./output/seg/success/pred_11_18.gif,./output/seg/success/gt_11_18.gif
371,0.829,./output/seg/success/pred_11_19.gif,./output/seg/success/gt_11_19.gif
372,0.8875,./output/seg/success/pred_11_20.gif,./output/seg/success/gt_11_20.gif
373,0.9837,./output/seg/success/pred_11_21.gif,./output/seg/success/gt_11_21.gif
374,0.8876,./output/seg/success/pred_11_22.gif,./output/seg/success/gt_11_22.gif
375,0.95989996,./output/seg/success/pred_11_23.gif,./output/seg/success/gt_11_23.gif
376,0.94839996,./output/seg/success/pred_11_24.gif,./output/seg/success/gt_11_24.gif
377,0.87119997,./output/seg/success/pred_11_25.gif,./output/seg/success/gt_11_25.gif
378,0.87109995,./output/seg/success/pred_11_26.gif,./output/seg/success/gt_11_26.gif
379,0.9741,./output/seg/success/pred_11_27.gif,./output/seg/success/gt_11_27.gif
380,0.9228,./output/seg/success/pred_11_28.gif,./output/seg/success/gt_11_28.gif
381,0.9917,./output/seg/success/pred_11_29.gif,./output/seg/success/gt_11_29.gif
382,0.98279995,./output/seg/success/pred_11_30.gif,./output/seg/success/gt_11_30.gif
383,0.8236,./output/seg/success/pred_11_31.gif,./output/seg/success/gt_11_31.gif
384,0.91779995,./output/seg/success/pred_12_0.gif,./output/seg/success/gt_12_0.gif
385,0.95419997,./output/seg/success/pred_12_1.gif,./output/seg/success/gt_12_1.gif
386,0.682,./output/seg/success/pred_12_2.gif,./output/seg/success/gt_12_2.gif
387,0.62369996,./output/seg/success/pred_12_3.gif,./output/seg/success/gt_12_3.gif
388,0.9461,./output/seg/success/pred_12_4.gif,./output/seg/success/gt_12_4.gif
389,0.9395,./output/seg/success/pred_12_5.gif,./output/seg/success/gt_12_5.gif
390,0.91419995,./output/seg/success/pred_12_6.gif,./output/seg/success/gt_12_6.gif
391,0.88409996,./output/seg/success/pred_12_7.gif,./output/seg/success/gt_12_7.gif
392,0.80289996,./output/seg/success/pred_12_8.gif,./output/seg/success/gt_12_8.gif
393,0.9673,./output/seg/success/pred_12_9.gif,./output/seg/success/gt_12_9.gif
394,0.9465,./output/seg/success/pred_12_10.gif,./output/seg/success/gt_12_10.gif
395,0.9305,./output/seg/success/pred_12_11.gif,./output/seg/success/gt_12_11.gif
396,0.9551,./output/seg/success/pred_12_12.gif,./output/seg/success/gt_12_12.gif
397,0.99619997,./output/seg/success/pred_12_13.gif,./output/seg/success/gt_12_13.gif
398,0.87649995,./output/seg/success/pred_12_14.gif,./output/seg/success/gt_12_14.gif
399,0.8883,./output/seg/success/pred_12_15.gif,./output/seg/success/gt_12_15.gif
400,0.7654,./output/seg/success/pred_12_16.gif,./output/seg/success/gt_12_16.gif
401,0.9781,./output/seg/success/pred_12_17.gif,./output/seg/success/gt_12_17.gif
402,0.7752,./output/seg/success/pred_12_18.gif,./output/seg/success/gt_12_18.gif
403,0.91959995,./output/seg/success/pred_12_19.gif,./output/seg/success/gt_12_19.gif
404,0.9862,./output/seg/success/pred_12_20.gif,./output/seg/success/gt_12_20.gif
405,0.83419997,./output/seg/success/pred_12_21.gif,./output/seg/success/gt_12_21.gif
406,0.7216,./output/seg/success/pred_12_22.gif,./output/seg/success/gt_12_22.gif
407,0.95059997,./output/seg/success/pred_12_23.gif,./output/seg/success/gt_12_23.gif
408,0.88989997,./output/seg/success/pred_12_24.gif,./output/seg/success/gt_12_24.gif
409,0.9687,./output/seg/success/pred_12_25.gif,./output/seg/success/gt_12_25.gif
410,0.9881,./output/seg/success/pred_12_26.gif,./output/seg/success/gt_12_26.gif
411,0.93369997,./output/seg/success/pred_12_27.gif,./output/seg/success/gt_12_27.gif
412,0.9766,./output/seg/success/pred_12_28.gif,./output/seg/success/gt_12_28.gif
413,0.9859,./output/seg/success/pred_12_29.gif,./output/seg/success/gt_12_29.gif
414,0.9037,./output/seg/success/pred_12_30.gif,./output/seg/success/gt_12_30.gif
415,0.87839997,./output/seg/success/pred_12_31.gif,./output/seg/success/gt_12_31.gif
416,0.7486,./output/seg/success/pred_13_0.gif,./output/seg/success/gt_13_0.gif
417,0.7594,./output/seg/success/pred_13_1.gif,./output/seg/success/gt_13_1.gif
418,0.98249996,./output/seg/success/pred_13_2.gif,./output/seg/success/gt_13_2.gif
419,0.79319996,./output/seg/success/pred_13_3.gif,./output/seg/success/gt_13_3.gif
420,0.88,./output/seg/success/pred_13_4.gif,./output/seg/success/gt_13_4.gif
421,0.94189996,./output/seg/success/pred_13_5.gif,./output/seg/success/gt_13_5.gif
422,0.9659,./output/seg/success/pred_13_6.gif,./output/seg/success/gt_13_6.gif
423,0.9611,./output/seg/success/pred_13_7.gif,./output/seg/success/gt_13_7.gif
424,0.9856,./output/seg/success/pred_13_8.gif,./output/seg/success/gt_13_8.gif
425,0.91899997,./output/seg/success/pred_13_9.gif,./output/seg/success/gt_13_9.gif
426,0.95129997,./output/seg/success/pred_13_10.gif,./output/seg/success/gt_13_10.gif
427,0.72889996,./output/seg/success/pred_13_11.gif,./output/seg/success/gt_13_11.gif
428,0.96819997,./output/seg/success/pred_13_12.gif,./output/seg/success/gt_13_12.gif
429,0.9144,./output/seg/success/pred_13_13.gif,./output/seg/success/gt_13_13.gif
430,0.9798,./output/seg/success/pred_13_14.gif,./output/seg/success/gt_13_14.gif
431,0.97279996,./output/seg/success/pred_13_15.gif,./output/seg/success/gt_13_15.gif
432,0.5603,./output/seg/success/pred_13_16.gif,./output/seg/success/gt_13_16.gif
433,0.965,./output/seg/success/pred_13_17.gif,./output/seg/success/gt_13_17.gif
434,0.99609995,./output/seg/success/pred_13_18.gif,./output/seg/success/gt_13_18.gif
435,0.84349996,./output/seg/success/pred_13_19.gif,./output/seg/success/gt_13_19.gif
436,0.9607,./output/seg/success/pred_13_20.gif,./output/seg/success/gt_13_20.gif
437,0.978,./output/seg/success/pred_13_21.gif,./output/seg/success/gt_13_21.gif
438,0.9544,./output/seg/success/pred_13_22.gif,./output/seg/success/gt_13_22.gif
439,0.9597,./output/seg/success/pred_13_23.gif,./output/seg/success/gt_13_23.gif
440,0.9501,./output/seg/success/pred_13_24.gif,./output/seg/success/gt_13_24.gif
441,0.972,./output/seg/success/pred_13_25.gif,./output/seg/success/gt_13_25.gif
442,0.9424,./output/seg/success/pred_13_26.gif,./output/seg/success/gt_13_26.gif
443,0.95549995,./output/seg/success/pred_13_27.gif,./output/seg/success/gt_13_27.gif
444,0.97069997,./output/seg/success/pred_13_28.gif,./output/seg/success/gt_13_28.gif
445,0.6037,./output/seg/success/pred_13_29.gif,./output/seg/success/gt_13_29.gif
446,0.9896,./output/seg/success/pred_13_30.gif,./output/seg/success/gt_13_30.gif
447,0.88119996,./output/seg/success/pred_13_31.gif,./output/seg/success/gt_13_31.gif
448,0.831,./output/seg/success/pred_14_0.gif,./output/seg/success/gt_14_0.gif
449,0.95729995,./output/seg/success/pred_14_1.gif,./output/seg/success/gt_14_1.gif
450,0.92569995,./output/seg/success/pred_14_2.gif,./output/seg/success/gt_14_2.gif
451,0.942,./output/seg/success/pred_14_3.gif,./output/seg/success/gt_14_3.gif
452,0.81759995,./output/seg/success/pred_14_4.gif,./output/seg/success/gt_14_4.gif
453,0.951,./output/seg/success/pred_14_5.gif,./output/seg/success/gt_14_5.gif
454,0.8768,./output/seg/success/pred_14_6.gif,./output/seg/success/gt_14_6.gif
455,0.97779995,./output/seg/success/pred_14_7.gif,./output/seg/success/gt_14_7.gif
456,0.95589995,./output/seg/success/pred_14_8.gif,./output/seg/success/gt_14_8.gif
457,0.9536,./output/seg/success/pred_14_9.gif,./output/seg/success/gt_14_9.gif
458,0.803,./output/seg/success/pred_14_10.gif,./output/seg/success/gt_14_10.gif
459,0.9826,./output/seg/success/pred_14_11.gif,./output/seg/success/gt_14_11.gif
460,0.9478,./output/seg/success/pred_14_12.gif,./output/seg/success/gt_14_12.gif
461,0.9805,./output/seg/success/pred_14_13.gif,./output/seg/success/gt_14_13.gif
462,0.908,./output/seg/success/pred_14_14.gif,./output/seg/success/gt_14_14.gif
463,0.9235,./output/seg/success/pred_14_15.gif,./output/seg/success/gt_14_15.gif
464,0.97499996,./output/seg/success/pred_14_16.gif,./output/seg/success/gt_14_16.gif
465,0.98069996,./output/seg/success/pred_14_17.gif,./output/seg/success/gt_14_17.gif
466,0.9267,./output/seg/success/pred_14_18.gif,./output/seg/success/gt_14_18.gif
467,0.7988,./output/seg/success/pred_14_19.gif,./output/seg/success/gt_14_19.gif
468,0.77089995,./output/seg/success/pred_14_20.gif,./output/seg/success/gt_14_20.gif
469,0.95129997,./output/seg/success/pred_14_21.gif,./output/seg/success/gt_14_21.gif
470,0.93329996,./output/seg/success/pred_14_22.gif,./output/seg/success/gt_14_22.gif
471,0.9963,./output/seg/success/pred_14_23.gif,./output/seg/success/gt_14_23.gif
472,0.9709,./output/seg/success/pred_14_24.gif,./output/seg/success/gt_14_24.gif
473,0.9169,./output/seg/success/pred_14_25.gif,./output/seg/success/gt_14_25.gif
474,0.96099997,./output/seg/success/pred_14_26.gif,./output/seg/success/gt_14_26.gif
475,0.94439995,./output/seg/success/pred_14_27.gif,./output/seg/success/gt_14_27.gif
476,0.78959996,./output/seg/success/pred_14_28.gif,./output/seg/success/gt_14_28.gif
477,0.9289,./output/seg/success/pred_14_29.gif,./output/seg/success/gt_14_29.gif
478,0.98069996,./output/seg/success/pred_14_30.gif,./output/seg/success/gt_14_30.gif
479,0.9253,./output/seg/success/pred_14_31.gif,./output/seg/success/gt_14_31.gif
480,0.9795,./output/seg/success/pred_15_0.gif,./output/seg/success/gt_15_0.gif
481,0.95229995,./output/seg/success/pred_15_1.gif,./output/seg/success/gt_15_1.gif
482,0.81369996,./output/seg/success/pred_15_2.gif,./output/seg/success/gt_15_2.gif
483,0.7078,./output/seg/success/pred_15_3.gif,./output/seg/success/gt_15_3.gif
484,0.8416,./output/seg/success/pred_15_4.gif,./output/seg/success/gt_15_4.gif
485,0.95589995,./output/seg/success/pred_15_5.gif,./output/seg/success/gt_15_5.gif
486,0.97069997,./output/seg/success/pred_15_6.gif,./output/seg/success/gt_15_6.gif
487,0.9101,./output/seg/success/pred_15_7.gif,./output/seg/success/gt_15_7.gif
488,0.9887,./output/seg/success/pred_15_8.gif,./output/seg/success/gt_15_8.gif
489,0.715,./output/seg/success/pred_15_9.gif,./output/seg/success/gt_15_9.gif
490,0.9921,./output/seg/success/pred_15_10.gif,./output/seg/success/gt_15_10.gif
491,0.89309996,./output/seg/success/pred_15_11.gif,./output/seg/success/gt_15_11.gif
492,0.9733,./output/seg/success/pred_15_12.gif,./output/seg/success/gt_15_12.gif
493,0.87549996,./output/seg/success/pred_15_13.gif,./output/seg/success/gt_15_13.gif
494,0.7928,./output/seg/success/pred_15_14.gif,./output/seg/success/gt_15_14.gif
495,0.77629995,./output/seg/success/pred_15_15.gif,./output/seg/success/gt_15_15.gif
496,0.765,./output/seg/success/pred_15_16.gif,./output/seg/success/gt_15_16.gif
497,0.95419997,./output/seg/success/pred_15_17.gif,./output/seg/success/gt_15_17.gif
498,0.91529995,./output/seg/success/pred_15_18.gif,./output/seg/success/gt_15_18.gif
499,0.974,./output/seg/success/pred_15_19.gif,./output/seg/success/gt_15_19.gif
500,0.7726,./output/seg/success/pred_15_20.gif,./output/seg/success/gt_15_20.gif
501,0.9066,./output/seg/success/pred_15_21.gif,./output/seg/success/gt_15_21.gif
502,0.80799997,./output/seg/success/pred_15_22.gif,./output/seg/success/gt_15_22.gif
503,0.9303,./output/seg/success/pred_15_23.gif,./output/seg/success/gt_15_23.gif
504,0.8843,./output/seg/success/pred_15_24.gif,./output/seg/success/gt_15_24.gif
505,0.9949,./output/seg/success/pred_15_25.gif,./output/seg/success/gt_15_25.gif
506,0.8513,./output/seg/success/pred_15_26.gif,./output/seg/success/gt_15_26.gif
507,0.9324,./output/seg/success/pred_15_27.gif,./output/seg/success/gt_15_27.gif
508,0.9719,./output/seg/success/pred_15_28.gif,./output/seg/success/gt_15_28.gif
509,0.9675,./output/seg/success/pred_15_29.gif,./output/seg/success/gt_15_29.gif
510,0.7801,./output/seg/success/pred_15_30.gif,./output/seg/success/gt_15_30.gif
511,0.9791,./output/seg/success/pred_15_31.gif,./output/seg/success/gt_15_31.gif
512,0.96629995,./output/seg/success/pred_16_0.gif,./output/seg/success/gt_16_0.gif
513,0.86759996,./output/seg/success/pred_16_1.gif,./output/seg/success/gt_16_1.gif
514,0.8892,./output/seg/success/pred_16_2.gif,./output/seg/success/gt_16_2.gif
515,0.90059996,./output/seg/success/pred_16_3.gif,./output/seg/success/gt_16_3.gif
516,0.9659,./output/seg/success/pred_16_4.gif,./output/seg/success/gt_16_4.gif
517,0.91929996,./output/seg/success/pred_16_5.gif,./output/seg/success/gt_16_5.gif
518,0.85929996,./output/seg/success/pred_16_6.gif,./output/seg/success/gt_16_6.gif
519,0.792,./output/seg/success/pred_16_7.gif,./output/seg/success/gt_16_7.gif
520,0.88089997,./output/seg/success/pred_16_8.gif,./output/seg/success/gt_16_8.gif
521,0.93979996,./output/seg/success/pred_16_9.gif,./output/seg/success/gt_16_9.gif
522,0.83449996,./output/seg/success/pred_16_10.gif,./output/seg/success/gt_16_10.gif
523,0.8479,./output/seg/success/pred_16_11.gif,./output/seg/success/gt_16_11.gif
524,0.94909996,./output/seg/success/pred_16_12.gif,./output/seg/success/gt_16_12.gif
525,0.9826,./output/seg/success/pred_16_13.gif,./output/seg/success/gt_16_13.gif
526,0.9726,./output/seg/success/pred_16_14.gif,./output/seg/success/gt_16_14.gif
527,0.98209995,./output/seg/success/pred_16_15.gif,./output/seg/success/gt_16_15.gif
528,0.9601,./output/seg/success/pred_16_16.gif,./output/seg/success/gt_16_16.gif
529,0.9791,./output/seg/success/pred_16_17.gif,./output/seg/success/gt_16_17.gif
530,0.7272,./output/seg/success/pred_16_18.gif,./output/seg/success/gt_16_18.gif
531,0.89409995,./output/seg/success/pred_16_19.gif,./output/seg/success/gt_16_19.gif
532,0.9485,./output/seg/success/pred_16_20.gif,./output/seg/success/gt_16_20.gif
533,0.9564,./output/seg/success/pred_16_21.gif,./output/seg/success/gt_16_21.gif
534,0.9327,./output/seg/success/pred_16_22.gif,./output/seg/success/gt_16_22.gif
535,0.9633,./output/seg/success/pred_16_23.gif,./output/seg/success/gt_16_23.gif
536,0.7863,./output/seg/success/pred_16_24.gif,./output/seg/success/gt_16_24.gif
537,0.97969997,./output/seg/success/pred_16_25.gif,./output/seg/success/gt_16_25.gif
538,0.8272,./output/seg/success/pred_16_26.gif,./output/seg/success/gt_16_26.gif
539,0.8835,./output/seg/success/pred_16_27.gif,./output/seg/success/gt_16_27.gif
540,0.9169,./output/seg/success/pred_16_28.gif,./output/seg/success/gt_16_28.gif
541,0.90449995,./output/seg/success/pred_16_29.gif,./output/seg/success/gt_16_29.gif
542,0.95239997,./output/seg/success/pred_16_30.gif,./output/seg/success/gt_16_30.gif
543,0.7536,./output/seg/success/pred_16_31.gif,./output/seg/success/gt_16_31.gif
544,0.9834,./output/seg/success/pred_17_0.gif,./output/seg/success/gt_17_0.gif
545,0.9267,./output/seg/success/pred_17_1.gif,./output/seg/success/gt_17_1.gif
546,0.8779,./output/seg/success/pred_17_2.gif,./output/seg/success/gt_17_2.gif
547,0.96819997,./output/seg/success/pred_17_3.gif,./output/seg/success/gt_17_3.gif
548,0.8067,./output/seg/success/pred_17_4.gif,./output/seg/success/gt_17_4.gif
549,0.8892,./output/seg/success/pred_17_5.gif,./output/seg/success/gt_17_5.gif
550,0.9675,./output/seg/success/pred_17_6.gif,./output/seg/success/gt_17_6.gif
551,0.9199,./output/seg/success/pred_17_7.gif,./output/seg/success/gt_17_7.gif
552,0.9799,./output/seg/success/pred_17_8.gif,./output/seg/success/gt_17_8.gif
553,0.95409995,./output/seg/success/pred_17_9.gif,./output/seg/success/gt_17_9.gif
554,0.94949996,./output/seg/success/pred_17_10.gif,./output/seg/success/gt_17_10.gif
555,0.80789995,./output/seg/success/pred_17_11.gif,./output/seg/success/gt_17_11.gif
556,0.94879997,./output/seg/success/pred_17_12.gif,./output/seg/success/gt_17_12.gif
557,0.93979996,./output/seg/success/pred_17_13.gif,./output/seg/success/gt_17_13.gif
558,0.92029995,./output/seg/success/pred_17_14.gif,./output/seg/success/gt_17_14.gif
559,0.98039997,./output/seg/success/pred_17_15.gif,./output/seg/success/gt_17_15.gif
560,0.9741,./output/seg/success/pred_17_16.gif,./output/seg/success/gt_17_16.gif
561,0.96099997,./output/seg/success/pred_17_17.gif,./output/seg/success/gt_17_17.gif
562,0.9948,./output/seg/success/pred_17_18.gif,./output/seg/success/gt_17_18.gif
563,0.95839995,./output/seg/success/pred_17_19.gif,./output/seg/success/gt_17_19.gif
564,0.945,./output/seg/success/pred_17_20.gif,./output/seg/success/gt_17_20.gif
565,0.9784,./output/seg/success/pred_17_21.gif,./output/seg/success/gt_17_21.gif
566,0.97029996,./output/seg/success/pred_17_22.gif,./output/seg/success/gt_17_22.gif
567,0.792,./output/seg/success/pred_17_23.gif,./output/seg/success/gt_17_23.gif
568,0.9798,./output/seg/success/pred_17_24.gif,./output/seg/success/gt_17_24.gif
569,0.992,./output/seg/success/pred_17_25.gif,./output/seg/success/gt_17_25.gif
570,0.9813,./output/seg/success/pred_17_26.gif,./output/seg/success/gt_17_26.gif
571,0.96519995,./output/seg/success/pred_17_27.gif,./output/seg/success/gt_17_27.gif
572,0.7818,./output/seg/success/pred_17_28.gif,./output/seg/success/gt_17_28.gif
573,0.8082,./output/seg/success/pred_17_29.gif,./output/seg/success/gt_17_29.gif
574,0.8928,./output/seg/success/pred_17_30.gif,./output/seg/success/gt_17_30.gif
575,0.9359,./output/seg/success/pred_17_31.gif,./output/seg/success/gt_17_31.gif
576,0.782,./output/seg/success/pred_18_0.gif,./output/seg/success/gt_18_0.gif
577,0.5865,./output/seg/success/pred_18_1.gif,./output/seg/success/gt_18_1.gif
578,0.9022,./output/seg/success/pred_18_2.gif,./output/seg/success/gt_18_2.gif
579,0.9496,./output/seg/success/pred_18_3.gif,./output/seg/success/gt_18_3.gif
580,0.94009995,./output/seg/success/pred_18_4.gif,./output/seg/success/gt_18_4.gif
581,0.97059995,./output/seg/success/pred_18_5.gif,./output/seg/success/gt_18_5.gif
582,0.94689995,./output/seg/success/pred_18_6.gif,./output/seg/success/gt_18_6.gif
583,0.86679995,./output/seg/success/pred_18_7.gif,./output/seg/success/gt_18_7.gif
584,0.95059997,./output/seg/success/pred_18_8.gif,./output/seg/success/gt_18_8.gif
585,0.9641,./output/seg/success/pred_18_9.gif,./output/seg/success/gt_18_9.gif
586,0.969,./output/seg/success/pred_18_10.gif,./output/seg/success/gt_18_10.gif
587,0.7869,./output/seg/success/pred_18_11.gif,./output/seg/success/gt_18_11.gif
588,0.97169995,./output/seg/success/pred_18_12.gif,./output/seg/success/gt_18_12.gif
589,0.92469996,./output/seg/success/pred_18_13.gif,./output/seg/success/gt_18_13.gif
590,0.8296,./output/seg/success/pred_18_14.gif,./output/seg/success/gt_18_14.gif
591,0.98719996,./output/seg/success/pred_18_15.gif,./output/seg/success/gt_18_15.gif
592,0.98219997,./output/seg/success/pred_18_16.gif,./output/seg/success/gt_18_16.gif
593,0.9352,./output/seg/success/pred_18_17.gif,./output/seg/success/gt_18_17.gif
594,0.9598,./output/seg/success/pred_18_18.gif,./output/seg/success/gt_18_18.gif
595,0.64,./output/seg/success/pred_18_19.gif,./output/seg/success/gt_18_19.gif
596,0.7177,./output/seg/success/pred_18_20.gif,./output/seg/success/gt_18_20.gif
597,0.9589,./output/seg/success/pred_18_21.gif,./output/seg/success/gt_18_21.gif
598,0.98649997,./output/seg/success/pred_18_22.gif,./output/seg/success/gt_18_22.gif
599,0.97319996,./output/seg/success/pred_18_23.gif,./output/seg/success/gt_18_23.gif
600,0.99179995,./output/seg/success/pred_18_24.gif,./output/seg/success/gt_18_24.gif
601,0.9618,./output/seg/success/pred_18_25.gif,./output/seg/success/gt_18_25.gif
602,0.9543,./output/seg/success/pred_18_26.gif,./output/seg/success/gt_18_26.gif
603,0.8998,./output/seg/success/pred_18_27.gif,./output/seg/success/gt_18_27.gif
604,0.964,./output/seg/success/pred_18_28.gif,./output/seg/success/gt_18_28.gif
605,0.7107,./output/seg/success/pred_18_29.gif,./output/seg/success/gt_18_29.gif
606,0.96339995,./output/seg/success/pred_18_30.gif,./output/seg/success/gt_18_30.gif
607,0.9199,./output/seg/success/pred_18_31.gif,./output/seg/success/gt_18_31.gif
608,0.9564,./output/seg/success/pred_19_0.gif,./output/seg/success/gt_19_0.gif
609,0.9052,./output/seg/success/pred_19_1.gif,./output/seg/success/gt_19_1.gif
610,0.83419997,./output/seg/success/pred_19_2.gif,./output/seg/success/gt_19_2.gif
611,0.893,./output/seg/success/pred_19_3.gif,./output/seg/success/gt_19_3.gif
612,0.92899996,./output/seg/success/pred_19_4.gif,./output/seg/success/gt_19_4.gif
613,0.96959996,./output/seg/success/pred_19_5.gif,./output/seg/success/gt_19_5.gif
614,0.9009,./output/seg/success/pred_19_6.gif,./output/seg/success/gt_19_6.gif
615,0.90629995,./output/seg/success/pred_19_7.gif,./output/seg/success/gt_19_7.gif
616,0.99039996,./output/seg/success/pred_19_8.gif,./output/seg/success/gt_19_8.gif
